{
    "$schema" : "https://schema.management.azure.com/schemas/2019-04-01/deploymentTemplate.json#",
    "contentVersion" : "1.0.0.0",
    "parameters" : {
      "baseName" : {
        "type" : "string",
        "minLength" : 1,
        "metadata" : {
          "description" : "Base name to be used in resource names (usually the cluster's Infra ID)"
        },
        "defaultValue" : "[resourceGroup().name]"
      },
      "privateDNSZoneName" : {
        "type" : "string",
        "metadata" : {
          "description" : "Name of the private DNS zone"
        }
      }
    },
    "variables" : {
      "location" : "[resourceGroup().location]",
      "virtualNetworkName" : "[concat(resourceGroup().name, '-vnet')]",
      "virtualNetworkID" : "[resourceId('Microsoft.Network/virtualNetworks', variables('virtualNetworkName'))]",
      "controlPlaneSubnetName" : "[concat(resourceGroup().name, '-controlPlane-subnet')]",
      "controlPlaneSubnetRef" : "[concat(variables('virtualNetworkID'), '/subnets/', variables('controlPlaneSubnetName'))]",
      "internalLoadBalancerName" : "[concat(parameters('baseName'), '-internal-lb')]",
      "internalLoadBalancerID" : "[resourceId('Microsoft.Network/loadBalancers', variables('internalLoadBalancerName'))]",
      "publicLoadBalancerName" : "[concat(parameters('baseName'), '-public-lb')]",
      "publicLoadBalancerID" : "[resourceId('Microsoft.Network/loadBalancers', variables('publicLoadBalancerName'))]",
      "publicIpAddressName" : "[concat(toLower(parameters('baseName')), '-public-lb-pip-1')]",
      "publicIpAddressID" : "[resourceId('Microsoft.Network/publicIPAddresses', variables('publicIpAddressName'))]",
      "skuName": "Standard"
    },
    "resources" : [
      {
        "apiVersion" : "2018-12-01",
        "type" : "Microsoft.Network/publicIPAddresses",
        "name" : "[variables('publicIpAddressName')]",
        "location" : "[variables('location')]",
        "sku": {
          "name": "[variables('skuName')]"
        },
        "properties" : {
          "publicIPAllocationMethod" : "Static",
          "dnsSettings" : {
            "domainNameLabel" : "[variables('publicIpAddressName')]"
          }
        }
      },
      {
        "apiVersion" : "2018-12-01",
        "type" : "Microsoft.Network/loadBalancers",
        "name" : "[variables('publicLoadBalancerName')]",
        "location" : "[variables('location')]",
        "sku": {
          "name": "[variables('skuName')]"
        },
        "dependsOn" : [
          "[concat('Microsoft.Network/publicIPAddresses/', variables('publicIpAddressName'))]"
        ],
        "properties" : {
          "frontendIPConfigurations" : [
            {
              "name" : "public-lb-ip-api",
              "properties" : {
                "publicIPAddress" : {
                  "id" : "[variables('publicIpAddressID')]"
                }
              }
            }
          ],
          "backendAddressPools" : [
            {
              "name" : "public-lb-backend"
            }
          ],
          "loadBalancingRules" : [
            {
              "name" : "api",
              "properties" : {
                "frontendIPConfiguration" : {
                  "id" :"[concat(variables('publicLoadBalancerID'), '/frontendIPConfigurations/public-lb-ip-api')]"
                },
                "backendAddressPool" : {
                  "id" : "[concat(variables('publicLoadBalancerID'), '/backendAddressPools/public-lb-backend')]"
                },
                "protocol" : "Tcp",
                "loadDistribution" : "Default",
                "disableOutboundSnat": true,
                "idleTimeoutInMinutes" : 30,
                "frontendPort" : 443,
                "backendPort" : 6443,
                "enableFloatingIP" : false,
                "probe" : {
                  "id" : "[concat(variables('publicLoadBalancerID'), '/probes/api-internal-probe')]"
                }
              }
            }
          ],
          "probes" : [
            {
              "name" : "api-internal-probe",
              "properties" : {
                "protocol" : "Https",
                "port" : 6443,
                "requestPath": "/readyz",
                "intervalInSeconds" : 10,
                "numberOfProbes" : 3
              }
            }
          ]
        }
      },
      {
        "apiVersion" : "2018-12-01",
        "type" : "Microsoft.Network/loadBalancers",
        "name" : "[variables('internalLoadBalancerName')]",
        "location" : "[variables('location')]",
        "sku": {
          "name": "[variables('skuName')]"
        },
        "properties" : {
          "frontendIPConfigurations" : [
            {
              "name" : "internal-lb-ip",
              "properties" : {
                "privateIPAllocationMethod" : "Dynamic",
                "subnet" : {
                  "id" : "[variables('controlPlaneSubnetRef')]"
                },
                "privateIPAddressVersion" : "IPv4"
              }
            }
          ],
          "backendAddressPools" : [
            {
              "name" : "internal-lb-backend"
            }
          ],
          "loadBalancingRules" : [
            {
              "name" : "api-internal",
              "properties" : {
                "frontendIPConfiguration" : {
                  "id" : "[concat(variables('internalLoadBalancerID'), '/frontendIPConfigurations/internal-lb-ip')]"
                },
                "frontendPort" : 6443,
                "backendPort" : 6443,
                "enableFloatingIP" : false,
                "idleTimeoutInMinutes" : 30,
                "protocol" : "Tcp",
                "enableTcpReset" : false,
                "loadDistribution" : "Default",
                "backendAddressPool" : {
                  "id" : "[concat(variables('internalLoadBalancerID'), '/backendAddressPools/internal-lb-backend')]"
                },
                "probe" : {
                  "id" : "[concat(variables('internalLoadBalancerID'), '/probes/api-internal-probe')]"
                }
              }
            },
            {
              "name" : "sint",
              "properties" : {
                "frontendIPConfiguration" : {
                  "id" : "[concat(variables('internalLoadBalancerID'), '/frontendIPConfigurations/internal-lb-ip')]"
                },
                "frontendPort" : 22623,
                "backendPort" : 22623,
                "enableFloatingIP" : false,
                "idleTimeoutInMinutes" : 30,
                "protocol" : "Tcp",
                "enableTcpReset" : false,
                "loadDistribution" : "Default",
                "backendAddressPool" : {
                  "id" : "[concat(variables('internalLoadBalancerID'), '/backendAddressPools/internal-lb-backend')]"
                },
                "probe" : {
                  "id" : "[concat(variables('internalLoadBalancerID'), '/probes/sint-probe')]"
                }
              }
            }
          ],
          "probes" : [
            {
              "name" : "api-internal-probe",
              "properties" : {
                "protocol" : "Https",
                "port" : 6443,
                "requestPath": "/readyz",
                "intervalInSeconds" : 10,
                "numberOfProbes" : 3
              }
            },
            {
              "name" : "sint-probe",
              "properties" : {
                "protocol" : "Https",
                "port" : 22623,
                "requestPath": "/healthz",
                "intervalInSeconds" : 10,
                "numberOfProbes" : 3
              }
            }
          ]
        }
      },
      {
        "apiVersion": "2018-09-01",
        "type": "Microsoft.Network/privateDnsZones/A",
        "name": "[concat(parameters('privateDNSZoneName'), '/api')]",
        "location" : "[variables('location')]",
        "dependsOn" : [
          "[concat('Microsoft.Network/loadBalancers/', variables('internalLoadBalancerName'))]"
        ],
        "properties": {
          "ttl": 60,
          "aRecords": [
            {
              "ipv4Address": "[reference(variables('internalLoadBalancerName')).frontendIPConfigurations[0].properties.privateIPAddress]"
            }
          ]
        }
      },
      {
        "apiVersion": "2018-09-01",
        "type": "Microsoft.Network/privateDnsZones/A",
        "name": "[concat(parameters('privateDNSZoneName'), '/api-int')]",
        "location" : "[variables('location')]",
        "dependsOn" : [
          "[concat('Microsoft.Network/loadBalancers/', variables('internalLoadBalancerName'))]"
        ],
        "properties": {
          "ttl": 60,
          "aRecords": [
            {
              "ipv4Address": "[reference(variables('internalLoadBalancerName')).frontendIPConfigurations[0].properties.privateIPAddress]"
            }
          ]
        }
      }
    ]
  }